Machine,NetworkID,Rep,Method,SingleQ,Initial Time,Final Time,Initial Revenue,Final Revenue,Initial Options,Final Options
r180.ib.bridges2.psc.edu,Gowalla,0,Single+LS,3,66.82617020606995,1250.0401239395142,16598579.788137058,28889143.206200063,196591,480290
r180.ib.bridges2.psc.edu,Gowalla,1,Single+LS,2,44.91063976287842,1708.1371672153473,7528196.797048446,28879468.284383,196591,478158
r180.ib.bridges2.psc.edu,Gowalla,2,Single+LS,2,43.49079966545105,1259.7930264472961,7540066.39519534,28882359.05402685,196591,478726
r180.ib.bridges2.psc.edu,Gowalla,3,Single+LS,2,43.004307985305786,1363.3271751403809,7506403.604572067,28883009.304761946,196591,478241
r180.ib.bridges2.psc.edu,Gowalla,4,Single+LS,3,51.46182370185852,1497.0537045001984,16634082.647501286,28881494.301323123,196591,480604
r180.ib.bridges2.psc.edu,Gowalla,5,Single+LS,1,27.667911291122437,1218.889454126358,6530823.557672633,28867461.179632604,196591,478916
