Iteration,Machine,networkID,rep,step,addition,deletion,logSum,LOPT,Offered Options,Time
1,r006.ib.bridges2.psc.edu,yt,0,Initial,0,0,0.75,91405024.6905318,2269780,131.30531907081604
1,r006.ib.bridges2.psc.edu,yt,0,Intermediate,2494346,15521,0.75,165491283.05036435,3218276,17177.05108833313
1,r006.ib.bridges2.psc.edu,yt,0,Intermediate,146608,493568,0.75,167504234.33703032,2763241,32186.37222957611
1,r006.ib.bridges2.psc.edu,yt,0,Intermediate,7516,19375,0.75,167578516.08958507,2745530,47435.6926612854
1,r006.ib.bridges2.psc.edu,yt,0,Intermediate,877,1127,0.75,167587676.6705233,2744452,62879.50587558746
1,r006.ib.bridges2.psc.edu,yt,0,Intermediate,43,177,0.75,167588263.39106783,2744280,79163.56941986084
1,r006.ib.bridges2.psc.edu,yt,0,Intermediate,10,6,0.75,167588383.4658582,2744274,95723.19387459755
1,r006.ib.bridges2.psc.edu,yt,0,Final,0,0,0.75,167588383.46588227,2744274,112184.27406096458
