Iteration,Machine,networkID,rep,step,addition,deletion,logSum,LOPT,Offered Options,Time
10,r006.ib.bridges2.psc.edu,yt,0,Initial,0,0,0.75,164389861.81021386,2269780,555.668851852417
10,r006.ib.bridges2.psc.edu,yt,0,Intermediate,662404,7,0.75,167407702.32116497,2779810,16152.712956666946
10,r006.ib.bridges2.psc.edu,yt,0,Intermediate,26928,27645,0.75,167646490.79720202,2754273,35063.671959877014
10,r006.ib.bridges2.psc.edu,yt,0,Intermediate,2122,5204,0.75,167671530.83121058,2749199,53665.73688721657
10,r006.ib.bridges2.psc.edu,yt,0,Intermediate,91,410,0.75,167672776.37577888,2748799,71179.62563896179
10,r006.ib.bridges2.psc.edu,yt,0,Intermediate,3,18,0.75,167672816.9492254,2748783,85973.16222262383
10,r006.ib.bridges2.psc.edu,yt,0,Final,0,0,0.75,167672816.94923222,2748783,100767.88778710365
