Iteration,Machine,networkID,rep,step,addition,deletion,logSum,LOPT,Offered Options,Time
6,r006.ib.bridges2.psc.edu,yt,0,Initial,0,0,0.75,89678966.2530103,2269780,331.49912309646606
6,r006.ib.bridges2.psc.edu,yt,0,Intermediate,1702602,36253,0.75,162728591.2746975,3145011,18923.05942249298
6,r006.ib.bridges2.psc.edu,yt,0,Intermediate,242547,541086,0.75,167087373.98873192,2614199,35146.56704163551
6,r006.ib.bridges2.psc.edu,yt,0,Intermediate,15916,37722,0.75,167233433.02492103,2586958,50734.25012421608
6,r006.ib.bridges2.psc.edu,yt,0,Intermediate,817,436,0.75,167238983.00608084,2587027,66532.1217880249
6,r006.ib.bridges2.psc.edu,yt,0,Intermediate,37,20,0.75,167239076.48389494,2587035,81837.29965543747
6,r006.ib.bridges2.psc.edu,yt,0,Intermediate,2,0,0.75,167239077.03598976,2587037,95520.13095903397
6,r006.ib.bridges2.psc.edu,yt,0,Final,0,0,0.75,167239077.0359999,2587037,108759.0583114624
