Iteration,Machine,networkID,rep,step,addition,deletion,logSum,LOPT,Offered Options,Time
7,r006.ib.bridges2.psc.edu,yt,0,Initial,0,0,0.75,137003376.8494957,2269780,381.6647136211395
7,r006.ib.bridges2.psc.edu,yt,0,Intermediate,1332982,551188,0.75,167210358.98751712,2764765,13471.489591121674
7,r006.ib.bridges2.psc.edu,yt,0,Intermediate,80448,98615,0.75,167877167.9173586,2712587,31442.984676122665
7,r006.ib.bridges2.psc.edu,yt,0,Intermediate,3027,8076,0.75,167908461.5732166,2705590,49787.69786596298
7,r006.ib.bridges2.psc.edu,yt,0,Intermediate,134,414,0.75,167909900.79793984,2705217,70088.59502959251
7,r006.ib.bridges2.psc.edu,yt,0,Intermediate,7,21,0.75,167909960.82857224,2705200,87826.4745798111
7,r006.ib.bridges2.psc.edu,yt,0,Final,0,0,0.75,167909960.82857555,2705200,104276.04852986336
