Iteration,Machine,networkID,rep,step,addition,deletion,logSum,LOPT,Offered Options,Time
3,r006.ib.bridges2.psc.edu,yt,0,Initial,0,0,0.75,112447203.22904363,2269780,196.53925228118896
3,r006.ib.bridges2.psc.edu,yt,0,Intermediate,2023051,3641,0.75,166943591.21082982,2847680,13502.464764595032
3,r006.ib.bridges2.psc.edu,yt,0,Intermediate,97899,172579,0.75,167753611.1956925,2730765,29813.71564435959
3,r006.ib.bridges2.psc.edu,yt,0,Intermediate,5517,9072,0.75,167808228.52689332,2722713,48959.363896369934
3,r006.ib.bridges2.psc.edu,yt,0,Intermediate,396,973,0.75,167813008.26739368,2721769,67423.01626038551
3,r006.ib.bridges2.psc.edu,yt,0,Intermediate,16,75,0.75,167813216.90229908,2721697,86114.27024912834
3,r006.ib.bridges2.psc.edu,yt,0,Intermediate,0,1,0.75,167813217.22565585,2721696,102493.5655875206
3,r006.ib.bridges2.psc.edu,yt,0,Final,0,0,0.75,167813217.22567135,2721696,116722.97281599045
