Iteration,Machine,networkID,rep,step,addition,deletion,logSum,LOPT,Offered Options,Time
9,r006.ib.bridges2.psc.edu,yt,0,Initial,0,0,0.75,71961073.89337355,1134890,15164.267755270004
9,r006.ib.bridges2.psc.edu,yt,0,Intermediate,3000318,0,0.75,162023516.69371623,2991449,33896.07594895363
9,r006.ib.bridges2.psc.edu,yt,0,Intermediate,313104,440060,0.75,166856121.78271008,2609319,52226.56105303764
9,r006.ib.bridges2.psc.edu,yt,0,Intermediate,20154,35756,0.75,167031081.16291258,2586008,68139.18475341797
9,r006.ib.bridges2.psc.edu,yt,0,Intermediate,1341,518,0.75,167041219.33842054,2586212,84611.28435945511
9,r006.ib.bridges2.psc.edu,yt,0,Intermediate,91,32,0.75,167041785.02649537,2586251,100826.50459504128
9,r006.ib.bridges2.psc.edu,yt,0,Intermediate,3,1,0.75,167041797.18375733,2586252,116275.75107121468
9,r006.ib.bridges2.psc.edu,yt,0,Final,0,0,0.75,167041797.18375438,2586252,128140.9764213562
