Iteration,Machine,networkID,rep,step,addition,deletion,logSum,LOPT,Offered Options,Time
0,r472.ib.bridges2.psc.edu,yt,0,Initial,0,0,0.75,43404169.385616034,1134890,10721.65949511528
0,r472.ib.bridges2.psc.edu,yt,0,Intermediate,2688091,0,0.75,159725903.47392654,3190913,20378.70401406288
0,r472.ib.bridges2.psc.edu,yt,0,Intermediate,317304,353310,0.75,166879652.89497325,2798459,29963.392006397247
0,r472.ib.bridges2.psc.edu,yt,0,Intermediate,11623,66100,0.75,167069735.5943759,2735044,39663.656700372696
0,r472.ib.bridges2.psc.edu,yt,0,Intermediate,1310,1879,0.75,167083715.8179077,2733265,49156.255477666855
0,r472.ib.bridges2.psc.edu,yt,0,Intermediate,46,262,0.75,167084560.7339282,2733012,58819.65904164314
0,r472.ib.bridges2.psc.edu,yt,0,Intermediate,1,9,0.75,167084575.50835726,2733004,68311.03430700302
0,r472.ib.bridges2.psc.edu,yt,0,Final,0,0,0.75,167084575.50837475,2733004,77812.13425660133
