Iteration,Machine,networkID,rep,step,addition,deletion,logSum,LOPT,Offered Options,Time
2,r006.ib.bridges2.psc.edu,yt,0,Initial,0,0,0.75,73972249.63716386,2269780,159.14938378334045
2,r006.ib.bridges2.psc.edu,yt,0,Intermediate,2549375,284496,0.75,161094156.01540777,2989300,18256.667140960693
2,r006.ib.bridges2.psc.edu,yt,0,Intermediate,311759,443103,0.75,166234310.9127908,2603019,33282.40955352783
2,r006.ib.bridges2.psc.edu,yt,0,Intermediate,21646,35684,0.75,166447712.8314843,2579906,48242.2633562088
2,r006.ib.bridges2.psc.edu,yt,0,Intermediate,1837,681,0.75,166465408.46412453,2580009,65914.84755396843
2,r006.ib.bridges2.psc.edu,yt,0,Intermediate,177,55,0.75,166466930.34371772,2580077,82119.73282432556
2,r006.ib.bridges2.psc.edu,yt,0,Intermediate,13,8,0.75,166467186.0626427,2580077,98160.47716164589
2,r006.ib.bridges2.psc.edu,yt,0,Intermediate,0,5,0.75,166467190.93117982,2580072,112019.83837723732
2,r006.ib.bridges2.psc.edu,yt,0,Final,0,0,0.75,166467190.93119204,2580072,123201.09523820877
