Iteration,Machine,networkID,rep,step,addition,deletion,logSum,LOPT,Offered Options,Time
5,r006.ib.bridges2.psc.edu,yt,0,Initial,0,0,0.75,107505372.68860424,2269780,284.41651463508606
5,r006.ib.bridges2.psc.edu,yt,0,Intermediate,1273782,0,0.75,165609699.96111503,3334251,18378.383015871048
5,r006.ib.bridges2.psc.edu,yt,0,Intermediate,99331,563702,0.75,167567825.69771224,2762018,37771.435839653015
5,r006.ib.bridges2.psc.edu,yt,0,Intermediate,6782,19354,0.75,167634890.26135966,2744463,57207.53742003441
5,r006.ib.bridges2.psc.edu,yt,0,Intermediate,730,962,0.75,167642302.92589447,2743546,77348.29613041878
5,r006.ib.bridges2.psc.edu,yt,0,Intermediate,48,142,0.75,167642874.93778807,2743405,91188.76791882515
5,r006.ib.bridges2.psc.edu,yt,0,Intermediate,10,9,0.75,167642997.08925515,2743396,105196.2842028141
5,r006.ib.bridges2.psc.edu,yt,0,Final,0,0,0.75,167642997.08927444,2743396,117153.17886805534
